{"cameraMode":{"drawMode":0,"name":"Shaded","section":"Shading Mode"},"sceneLighting":true,"audioPlay":false,"sceneViewState":{"showFog":true,"showMaterialUpdate":false,"showSkybox":true,"showFlares":true,"showImageEffects":true,"showParticleSystems":true},"in2DMode":false,"pivot":{"x":1056.688720703125,"y":440.6291809082031,"z":-27.337982177734376},"rotation":{"x":-0.15270045399665833,"y":0.01096678152680397,"z":-0.001694544916972518,"w":-0.9882105588912964},"size":153.16250610351563,"orthographic":false}