{"cameraMode":{"drawMode":0,"name":"Shaded","section":"Shading Mode"},"sceneLighting":true,"audioPlay":false,"sceneViewState":{"showFog":true,"showMaterialUpdate":false,"showSkybox":true,"showFlares":true,"showImageEffects":true,"showParticleSystems":true},"in2DMode":false,"pivot":{"x":0.20136305689811707,"y":-0.00632128119468689,"z":1.0626899003982545},"rotation":{"x":-0.17915761470794679,"y":-0.04366859793663025,"z":0.00796035211533308,"w":-0.9828190207481384},"size":0.6732908487319946,"orthographic":false}