{"cameraMode":{"drawMode":0,"name":"Shaded","section":"Shading Mode"},"sceneLighting":true,"audioPlay":false,"sceneViewState":{"showFog":true,"showMaterialUpdate":false,"showSkybox":true,"showFlares":true,"showImageEffects":true,"showParticleSystems":true},"in2DMode":false,"pivot":{"x":800.2567138671875,"y":372.228515625,"z":226.02947998046876},"rotation":{"x":-0.08868999779224396,"y":0.008065318688750267,"z":-0.0007181547698564827,"w":-0.9960266351699829},"size":319.99755859375,"orthographic":false}