{"cameraMode":{"drawMode":0,"name":"Shaded","section":"Shading Mode"},"sceneLighting":true,"audioPlay":false,"sceneViewState":{"showFog":true,"showMaterialUpdate":false,"showSkybox":true,"showFlares":true,"showImageEffects":true,"showParticleSystems":true},"in2DMode":false,"pivot":{"x":0.06050804257392883,"y":-0.05849409103393555,"z":-0.005895644426345825},"rotation":{"x":-0.11205641180276871,"y":0.8726889491081238,"z":-0.23759150505065919,"w":-0.4115906357765198},"size":4.8305816650390629,"orthographic":false}